"","group_2648","group_6429","group_1053","treA","group_6074","nanM","lhgD_1","csh","yxdL","group_4523","group_11046","yjjP_3","group_6555","group_3586","group_5272","group_3598","group_12907","tee6_2","group_6556","cwlD","group_7898","apbE_3","larQ","yccM","sasA_9","larO","group_1312","group_857","group_5752","Source"
"22SBCL0712_3",1,1,0,0,1,0,0,0,0,0,0,1,0,0,1,1,0,0,0,1,0,0,0,0,0,0,0,0,0,"pig"
"22SBCL0713_5",1,1,0,0,1,0,0,0,0,0,0,1,0,0,1,1,0,0,0,1,0,0,0,0,0,0,0,0,0,"pig"
"22SBCL0715_1",0,0,1,1,0,1,1,1,1,1,1,0,1,1,0,0,1,1,1,0,0,0,0,0,0,0,1,0,0,"pig"
"22SBCL0718_2",0,0,1,1,0,1,1,1,1,1,0,0,0,0,0,0,0,0,0,1,0,0,0,0,0,0,1,0,0,"pig"
"22SBCL0721_1",1,1,0,0,1,0,0,0,0,0,0,1,0,0,1,1,0,0,0,1,0,0,0,0,0,0,0,0,0,"pig"
"22SBCL1063_1",0,0,1,1,0,1,1,1,1,1,0,1,0,0,0,1,0,0,0,0,0,0,0,0,0,0,1,0,0,"cattle"
"22SBCL1068_1",0,0,1,1,0,1,1,1,1,1,0,0,0,0,0,0,0,0,0,0,0,0,0,0,0,0,0,0,0,"cattle"
"23BAC0007_1",0,0,1,1,0,1,1,1,1,1,0,0,0,0,0,0,0,0,0,0,0,0,0,0,0,0,1,0,0,"cattle"
"23BAC0010_1",1,0,1,1,0,1,1,1,1,1,0,1,0,0,0,1,0,0,0,0,0,0,0,0,0,0,0,0,0,"pig"
"23BAC0028_1",1,1,0,0,1,0,0,0,0,1,0,0,0,0,0,0,0,0,0,0,0,0,0,0,0,0,0,0,0,"pig"
"23BAC0030_1",1,0,1,0,0,1,1,1,1,1,0,1,0,0,1,1,0,0,0,0,0,0,0,0,0,0,1,0,0,"pig"
"23BAC0031_2",1,1,0,0,1,0,0,0,0,0,0,1,0,0,1,1,0,0,0,1,0,0,0,0,0,0,0,0,0,"pig"
"23BAC0031_3",1,1,0,0,1,0,0,0,0,0,0,1,0,0,1,1,0,0,0,1,0,0,0,0,0,0,0,0,0,"pig"
"23BAC0031_4",0,1,0,0,1,0,0,0,0,0,0,1,0,0,1,1,0,0,0,1,0,0,0,0,0,0,0,0,0,"pig"
"23BAC0034_1",1,1,0,0,1,0,0,0,0,0,0,1,0,0,1,1,0,0,0,0,0,0,0,0,0,0,0,0,0,"pig"
"23BAC0034_4",1,0,1,0,0,1,1,1,1,1,0,1,0,0,1,0,0,0,0,0,0,0,0,0,0,0,0,0,0,"pig"
"23BAC0067_1",0,0,1,1,0,1,1,1,1,1,0,0,0,0,0,0,0,0,0,0,0,0,0,0,0,0,0,0,0,"cattle"
"23BAC0072_1",0,0,1,1,0,1,1,1,1,1,0,0,0,0,0,1,0,0,0,0,0,0,0,0,0,0,0,0,0,"cattle"
"23BAC0082_1",0,1,0,1,0,1,0,0,1,1,0,0,0,0,1,0,0,0,0,1,0,0,0,0,0,0,0,0,0,"pig"
"23BAC0084_1",1,0,1,0,0,1,0,1,1,1,0,1,0,0,1,1,0,0,0,0,0,0,0,0,0,0,1,0,0,"pig"
"23BAC0085_2",0,1,0,1,1,1,0,0,0,0,0,1,0,0,1,1,0,0,0,1,0,0,0,0,0,0,0,0,0,"pig"
"23BAC0088_3",1,1,0,0,1,0,0,0,0,1,0,0,0,0,0,0,0,0,0,0,0,0,0,0,0,0,0,0,0,"pig"
"23BAC0089_1",1,0,1,1,0,1,1,1,1,1,0,1,0,0,0,0,0,0,0,1,0,0,0,0,0,0,0,0,0,"pig"
"23BAC0091_1",0,0,1,1,0,1,1,1,1,1,0,0,0,0,0,0,0,0,0,0,0,0,0,0,0,0,0,0,0,"pig"
"23BAC0092_1",1,1,0,0,1,0,0,0,0,0,0,1,0,0,1,1,0,0,0,1,0,0,0,0,0,0,0,0,0,"pig"
"23BAC0093_5",1,1,0,0,1,0,0,0,0,0,0,1,0,0,1,1,0,0,0,0,0,0,0,0,0,0,0,0,0,"pig"
"23BAC0098_1",0,0,1,0,0,1,1,1,1,1,0,0,0,0,0,0,0,0,0,0,0,0,0,0,0,0,0,0,0,"pig"
"23BAC0100_1",1,0,1,1,0,1,1,1,1,1,0,0,0,0,0,1,0,0,0,1,0,0,0,0,0,0,1,0,0,"pig"
"23BAC0101_2",0,0,1,1,0,1,1,1,1,1,0,0,0,0,0,1,0,0,0,1,0,0,0,0,0,0,0,0,0,"pig"
"23BAC0101_4",1,1,0,0,1,0,0,0,0,0,0,1,0,0,1,1,0,0,0,1,0,0,0,0,0,0,0,0,0,"pig"
"23BAC0142_1",0,0,1,1,0,1,1,1,1,1,1,0,1,1,0,0,1,1,1,0,0,0,0,0,0,0,0,0,0,"poultry"
"23BAC0143_4_redeposit",0,0,1,1,0,1,1,1,1,1,0,0,0,0,0,0,0,0,0,1,0,0,0,0,0,0,0,0,0,"poultry"
"23BAC0144_2",0,0,1,1,0,1,1,1,1,1,0,0,0,0,0,0,0,0,0,1,0,0,0,0,0,0,0,0,0,"poultry"
"23BAC0145_4_redeposit",0,0,1,1,0,1,1,1,1,1,1,0,1,0,0,0,1,1,1,1,0,0,0,0,0,0,0,0,0,"poultry"
"23BAC0156_1",0,0,1,1,0,1,1,1,1,1,0,0,0,0,0,0,0,0,0,1,0,0,0,0,0,0,0,0,0,"poultry"
"23BAC0203_1",0,0,1,1,0,1,1,1,1,1,1,0,1,1,0,0,1,1,0,1,0,0,0,0,0,0,0,0,0,"poultry"
"23BAC0210_1",0,0,1,1,0,1,1,1,1,1,0,0,0,0,0,0,0,0,0,1,0,0,0,0,0,0,0,0,0,"poultry"
"23BAC0338_1",1,1,0,0,1,0,0,0,0,0,0,1,0,0,1,1,0,0,0,1,0,0,0,0,0,0,0,0,0,"pig"
"23BAC0339_1",1,1,0,0,1,0,0,0,0,0,0,1,0,0,1,1,0,0,0,1,0,0,0,0,0,0,0,0,0,"pig"
"23BAC0343_4_redeposit",1,0,1,0,0,1,1,1,1,1,0,1,0,0,1,1,0,0,0,1,0,0,0,0,0,0,0,0,0,"pig"
"23BAC0345_3",1,1,0,0,1,0,0,0,0,0,0,1,0,0,1,1,0,0,0,1,0,0,0,0,0,0,0,0,0,"pig"
"23BAC0345_4",1,0,1,1,0,1,1,1,1,1,0,1,0,0,0,1,0,0,0,1,0,0,0,0,0,0,0,0,0,"pig"
"23BAC0346_1",1,0,1,1,0,1,1,1,1,1,0,1,0,0,0,0,0,0,0,0,0,0,0,0,0,0,1,0,0,"pig"
"23BAC0348_1",1,0,1,1,0,1,1,1,1,1,0,1,0,0,1,1,0,0,0,1,0,0,0,0,0,0,0,0,0,"pig"
"23BAC0348_3",1,0,1,1,0,1,1,1,1,1,0,1,0,0,0,1,0,0,0,0,0,0,0,0,0,0,0,0,0,"pig"
"23BAC0349_1",1,1,0,0,1,0,0,0,0,0,0,1,0,0,1,1,0,0,0,1,0,0,0,0,0,0,0,0,0,"pig"
"23BAC0351_2",1,1,0,0,1,0,0,0,0,0,0,1,0,0,1,1,0,0,0,1,0,0,0,0,0,0,0,0,0,"pig"
"23BAC0352_1",0,0,1,1,0,1,1,1,1,1,0,0,0,0,1,1,0,0,0,1,0,0,0,0,0,0,0,0,0,"pig"
"23BAC0353_3",1,1,0,0,1,0,0,0,0,0,0,1,0,0,1,1,0,0,0,1,0,0,0,0,0,0,0,0,0,"pig"
"23BAC0355_1",1,0,1,1,0,1,1,1,1,1,0,1,0,0,0,1,0,0,0,1,0,0,0,0,0,0,0,0,0,"pig"
"23BAC0357_1",1,1,0,0,1,0,0,0,0,0,0,1,0,0,1,1,0,0,0,0,0,0,0,0,0,0,0,0,0,"pig"
"23BAC0358_1",1,1,0,0,1,0,0,0,0,0,0,0,0,0,1,0,0,0,0,1,0,0,0,0,0,0,0,0,0,"pig"
"23BAC0360_1",0,0,1,1,0,1,1,1,1,1,1,0,1,1,0,0,1,1,0,0,0,0,0,0,0,0,1,0,0,"cattle"
"23BAC0360_3",0,0,1,1,0,1,1,1,1,1,0,0,0,0,0,0,0,0,0,0,0,0,0,0,0,0,0,0,0,"cattle"
"23BAC0362_2",0,0,1,1,0,1,1,1,1,1,0,0,0,0,0,0,0,0,0,0,0,0,0,0,0,0,1,0,0,"cattle"
"23BAC0363_1",0,0,1,1,0,1,1,1,1,1,0,1,0,0,1,1,0,0,0,0,1,1,1,1,1,1,1,1,1,"cattle"
"23BAC0365_1",0,0,1,0,0,1,1,1,1,1,0,0,0,0,1,0,0,0,0,0,0,0,0,0,0,0,1,0,0,"cattle"
"23BAC0366_1",0,0,1,1,0,1,1,1,1,1,0,0,0,0,1,1,0,0,0,0,1,1,1,0,1,1,1,1,1,"cattle"
"23BAC0366_5",0,0,1,1,0,1,1,1,1,1,0,1,0,0,1,1,0,0,0,0,1,1,1,1,1,1,1,1,1,"cattle"
"23BAC0367_1",0,0,1,1,0,1,1,1,1,1,0,1,0,0,1,0,0,0,0,0,1,1,1,1,1,1,1,1,1,"cattle"
"23BAC0367_3",0,0,1,1,0,1,1,1,1,1,0,0,0,0,1,1,0,0,0,0,1,1,1,1,1,1,1,1,1,"cattle"
"23BAC0374_1",0,0,1,1,0,1,1,1,1,1,0,0,0,0,1,0,0,0,0,0,0,0,0,0,0,0,1,0,0,"cattle"
"23BAC0375_1",0,0,1,0,0,1,1,1,1,1,0,0,0,0,1,0,0,0,0,0,0,0,0,0,0,0,0,0,0,"cattle"
"23BAC0379_3",0,0,1,1,0,1,1,1,1,1,0,0,0,0,1,0,0,0,0,0,0,0,0,0,0,0,1,0,0,"cattle"
"23BAC0381_1",0,0,1,1,0,1,1,1,1,1,0,0,0,0,0,0,0,0,0,0,0,0,0,0,0,0,1,0,0,"cattle"
"23BAC0543_1",0,0,1,1,0,1,1,1,1,1,0,0,0,0,0,0,0,0,0,0,0,0,0,0,0,0,0,0,0,"pig"
"23BAC0545_1",0,0,1,1,0,1,1,1,1,1,0,0,0,0,0,0,0,0,0,0,0,0,0,0,0,0,0,0,0,"pig"
"23BAC0548_1",0,0,1,1,0,1,0,1,0,1,0,0,0,0,1,0,0,0,0,1,0,0,0,0,0,0,0,0,0,"pig"
"23BAC0549_1",0,0,1,1,0,1,1,1,1,1,0,0,0,0,0,0,0,0,0,0,0,0,0,0,0,0,1,0,0,"pig"
"23BAC0550_1",1,0,1,1,0,1,1,1,1,1,0,1,0,0,1,1,0,0,0,1,0,0,0,0,0,0,1,0,0,"pig"
"23BAC0552_1",1,1,0,0,1,0,0,0,0,0,0,1,0,0,1,1,0,0,0,1,0,0,0,0,0,0,0,0,0,"pig"
"23BAC0552_3",1,0,1,1,0,1,1,1,1,1,0,1,0,0,1,1,0,0,0,1,0,0,0,0,0,0,0,0,0,"pig"
"23BAC0552_5",1,1,0,0,1,0,0,0,0,0,0,1,0,0,1,1,0,0,0,1,0,0,0,0,0,0,0,0,0,"pig"
"23BAC0553_1",0,0,1,1,0,1,1,1,1,1,0,0,0,0,1,0,0,0,0,1,0,0,0,0,0,0,0,0,0,"pig"
"23BAC0554_1",0,0,1,1,0,1,1,1,1,1,0,0,0,0,1,0,0,0,0,0,0,0,0,0,0,0,0,0,0,"pig"
"23BAC0555_1",0,0,1,1,0,1,1,1,1,1,0,0,0,0,0,0,0,0,0,0,0,0,0,0,0,0,0,0,0,"pig"
"23BAC0557_2",1,1,0,0,1,0,0,0,0,0,0,1,0,0,1,1,0,0,0,1,0,0,0,0,0,0,0,0,0,"pig"
"23BAC0557_4",1,0,1,0,0,1,1,1,1,1,0,1,0,0,1,1,0,0,0,0,0,0,0,0,0,0,0,0,0,"pig"
"23BAC0558_1_redeposit",0,0,1,1,0,1,1,1,1,1,0,0,0,0,1,0,0,0,0,1,0,0,0,0,0,0,0,0,0,"pig"
"23BAC0560_2",1,1,0,0,1,0,0,0,0,0,0,1,0,0,1,1,0,0,0,1,0,0,0,0,0,0,0,0,0,"pig"
"23BAC0564_1",1,1,0,0,1,0,0,0,0,0,0,1,0,0,1,1,0,0,0,1,0,0,0,0,0,0,0,0,0,"pig"
"23BAC0582_2",0,0,1,1,0,1,1,1,1,1,0,0,0,0,0,1,0,0,0,0,1,0,0,0,0,0,1,0,0,"cattle"
"23BAC0582_4",0,0,1,1,0,1,1,1,1,1,0,0,0,0,0,1,0,0,0,0,0,0,0,0,0,0,1,0,0,"cattle"
"23BAC0583_2",0,0,1,1,0,1,1,1,1,1,0,1,0,0,1,1,0,0,0,0,1,1,1,1,1,1,1,1,1,"cattle"
"23BAC0587_2",0,0,1,1,0,1,1,1,1,1,0,1,0,0,0,0,0,0,0,0,1,1,1,1,1,1,0,1,0,"cattle"
"23BAC0590_2",0,0,1,1,0,1,1,1,1,1,0,0,0,0,1,0,0,0,0,0,0,0,0,0,0,0,1,0,0,"poultry"
"23BAC0591_1",0,0,1,1,0,1,1,1,1,1,0,0,0,0,0,0,0,0,0,1,0,0,0,0,0,0,0,0,0,"poultry"
"23BAC0593_1",0,0,1,1,0,1,1,1,1,1,1,0,1,1,0,0,1,1,1,1,0,0,0,0,0,0,1,0,0,"poultry"
"23BAC0594_1",0,0,1,1,0,1,1,1,1,1,1,0,1,1,0,0,1,1,1,0,0,0,0,0,0,0,0,0,0,"poultry"
"23BAC0595_2",0,0,1,1,0,1,1,1,1,1,1,0,1,1,0,0,1,1,1,1,0,0,0,0,0,0,0,0,0,"poultry"
"23BAC0599_2",0,0,1,1,0,1,1,1,1,1,1,0,1,1,0,0,0,0,1,1,0,0,0,0,0,0,0,0,0,"poultry"
"23BAC0601_1",0,0,1,1,0,1,1,1,1,1,0,0,0,0,0,0,0,0,0,1,0,0,0,0,0,0,0,0,0,"poultry"
"23BAC0601_2",0,0,1,1,0,1,1,1,1,1,0,0,0,0,0,0,0,0,0,0,0,0,0,0,0,0,1,0,0,"poultry"
"23BAC0601_4",0,0,1,1,0,1,1,1,1,1,0,0,0,0,0,0,0,0,0,1,0,0,0,0,0,0,0,0,0,"poultry"
"23BAC0602_1_redeposit",0,0,1,1,0,1,1,1,1,1,0,0,0,0,0,0,0,0,0,1,0,0,0,0,0,0,0,0,0,"poultry"
"23BAC0602_2",0,0,1,1,0,1,1,1,1,1,1,0,1,1,0,0,1,1,0,1,0,0,0,0,0,0,0,0,0,"poultry"
"23BAC0602_3",0,0,1,1,0,1,1,1,1,1,1,0,1,1,0,0,1,1,1,1,0,0,0,0,0,0,0,0,0,"poultry"
"23BAC0602_4_redeposit",0,0,1,1,0,1,1,1,1,1,0,0,0,0,0,0,0,0,0,1,0,0,0,0,0,0,0,0,0,"poultry"
"23BAC0604_2_redeposit",0,0,1,1,0,1,1,0,1,1,0,0,0,0,0,0,0,0,0,1,0,0,0,0,0,0,0,0,0,"poultry"
"23BAC0606_1",0,0,1,1,0,1,1,1,1,1,0,0,0,0,0,0,0,0,0,1,0,0,0,0,0,0,0,0,0,"poultry"
"23BAC0612_5",0,0,1,1,0,1,1,1,1,1,1,0,1,1,0,0,0,1,1,0,0,0,0,0,0,0,0,0,0,"poultry"
"23BAC0616_1",0,0,1,1,0,1,1,1,1,1,0,0,0,0,1,0,0,0,0,1,0,0,0,0,0,0,0,0,0,"poultry"
"23BAC0618_1",0,0,1,1,0,1,1,1,1,1,0,0,0,0,0,0,0,0,0,1,0,0,0,0,0,0,0,0,0,"poultry"
"23BAC0620_1",0,0,1,1,0,1,1,1,1,1,1,0,1,1,0,0,1,0,1,1,0,0,0,0,0,0,0,0,0,"poultry"
"23BAC0620_2",0,0,1,1,0,1,1,1,1,1,1,0,1,1,0,0,1,1,1,1,0,0,0,0,0,0,0,0,0,"poultry"
"23BAC0622_3",0,0,1,1,0,1,1,1,1,1,0,1,0,0,1,1,0,0,0,0,0,0,0,0,0,0,0,0,0,"cattle"
"23BAC0622_5_redeposit",0,0,1,1,0,1,1,1,1,1,0,1,0,0,1,1,0,0,0,1,0,0,0,0,0,0,0,0,0,"cattle"
"23BAC0623_1",0,0,1,1,0,1,1,1,1,1,0,1,0,0,1,1,0,0,0,0,1,1,0,1,1,1,0,1,1,"cattle"
"23BAC0623_2",0,0,1,1,0,1,1,1,1,1,0,1,0,0,1,0,0,0,0,1,1,1,1,1,1,1,0,1,1,"cattle"
"23BAC0627_5",0,0,1,1,0,1,1,1,1,1,0,1,0,0,1,0,0,0,0,0,1,1,1,1,1,1,1,0,1,"cattle"
"23BAC0629_1",0,0,1,1,0,1,1,1,1,1,0,0,0,0,0,0,0,0,0,0,0,0,0,0,0,0,1,0,0,"cattle"
"23BAC0630_3",0,0,1,1,0,1,1,1,1,1,0,0,0,0,1,0,0,0,0,0,0,0,0,0,0,0,1,0,0,"cattle"
"23BAC0631_1",0,0,1,1,0,1,1,1,1,1,0,1,0,0,0,0,0,0,0,0,1,1,1,1,1,0,0,0,1,"cattle"
"23BAC0631_4",0,0,1,0,0,1,1,1,1,1,0,0,0,0,1,1,0,0,0,0,0,0,0,0,0,0,1,0,0,"cattle"
"23BAC0632_1",0,0,1,1,0,1,1,1,1,1,0,1,0,0,1,0,0,0,0,0,1,1,1,1,1,1,0,1,0,"cattle"
"23BAC0636_2",0,0,1,1,0,1,1,1,1,1,0,0,0,0,1,0,0,0,0,0,0,0,0,0,0,0,1,0,0,"cattle"
"23BAC0637_1",0,0,1,1,0,1,1,1,1,1,0,0,0,0,0,0,0,0,0,0,0,0,0,0,0,0,1,0,0,"cattle"
"23BAC0638_1",0,0,1,1,0,1,1,1,1,1,0,0,0,0,1,1,0,0,0,0,0,0,0,0,0,0,1,0,0,"cattle"
"23BAC0640_1",0,0,1,1,0,1,1,1,1,1,0,1,0,0,0,0,0,0,0,0,1,1,1,1,1,1,0,1,1,"cattle"
"23BAC0640_2",0,0,1,1,0,1,1,1,1,1,0,1,0,0,1,0,0,0,0,0,1,1,1,1,1,1,1,1,1,"cattle"
"23BAC0641_1",0,0,1,1,0,1,1,1,1,1,0,1,0,0,1,1,0,0,0,0,1,1,1,1,1,1,1,1,1,"cattle"
"23BAC0642_1",1,0,1,1,0,1,1,1,1,1,0,1,0,0,0,0,0,0,0,0,1,1,1,1,1,0,1,1,1,"cattle"
"23BAC0666_1",0,0,1,1,0,1,1,1,1,1,0,0,0,0,0,1,0,0,0,0,1,1,1,1,1,1,0,1,1,"cattle"
"23BAC0667_1",0,0,1,1,0,1,1,1,1,1,0,1,0,0,0,0,0,0,0,0,1,1,1,1,1,1,1,1,1,"cattle"
"23BAC0669_1",0,0,1,1,0,1,1,1,1,1,0,1,0,0,0,1,0,0,0,0,1,1,1,1,1,1,1,1,1,"cattle"
"23BAC0673_1",0,0,1,1,0,1,1,1,1,1,0,1,0,0,0,0,0,0,0,0,1,1,1,1,1,1,1,1,1,"cattle"
"23BAC0675_1",0,0,1,1,0,1,1,1,1,1,0,0,0,0,0,1,0,0,0,0,1,1,1,1,1,1,0,1,1,"cattle"
"23BAC0679_4",0,0,1,1,0,1,1,1,1,1,0,1,0,0,0,1,0,0,0,0,1,1,1,1,1,1,1,0,1,"cattle"
"23BAC0680_1",0,0,1,1,0,1,1,1,1,1,0,0,0,0,1,0,0,0,0,0,0,0,0,0,0,0,1,0,0,"cattle"
"23BAC0683_1",0,0,1,1,0,1,1,1,1,1,0,1,0,0,1,0,0,0,0,1,1,1,1,1,1,1,1,1,1,"cattle"
"23BAC0684_1",0,0,1,1,0,1,1,1,1,1,0,0,0,0,0,1,0,0,0,0,0,0,0,0,0,0,1,0,0,"cattle"
"23BAC0684_5",0,0,1,1,0,1,1,1,1,1,0,0,0,0,0,1,0,0,0,0,0,0,0,0,0,0,1,0,0,"cattle"
"23BAC0685_1",0,0,1,1,0,1,1,1,1,1,0,0,0,0,1,1,0,0,0,0,0,1,1,1,1,1,1,1,1,"cattle"
"23BAC0687_1",0,0,1,1,0,1,1,1,1,1,0,0,0,0,1,1,0,0,0,0,1,1,1,1,0,1,0,1,1,"cattle"
"23BAC0688_1",0,0,1,1,0,1,1,1,1,1,0,1,0,0,1,0,0,0,0,0,1,1,1,1,1,1,1,1,1,"cattle"
"23BAC0689_1",0,0,1,1,0,1,1,1,1,1,0,0,0,0,0,0,0,0,0,1,0,0,0,0,0,0,0,0,0,"cattle"
"23BAC0710_1",0,0,1,1,0,1,1,1,1,1,0,1,0,0,0,1,0,0,0,0,0,0,0,0,0,0,0,0,0,"pig"
"23BAC0711_1",1,0,1,1,0,1,1,1,1,1,0,1,0,0,0,1,0,0,0,0,0,0,0,0,0,0,1,0,0,"pig"
"23BAC0712_1",0,0,1,0,0,1,1,1,1,1,0,0,0,0,1,1,0,0,0,0,0,0,0,0,0,0,0,0,0,"pig"
"23BAC0713_3",1,0,1,1,0,1,1,1,1,1,0,1,0,0,1,1,0,0,0,1,0,0,0,0,0,0,1,0,0,"pig"
"23BAC0714_1",1,0,1,1,0,1,1,1,1,1,0,1,0,0,0,1,0,0,0,0,0,0,0,0,0,0,1,0,0,"pig"
"23BAC0714_2",1,0,1,1,0,1,1,1,1,1,0,1,0,0,1,1,0,0,0,1,0,0,0,0,0,0,0,0,0,"pig"
"23BAC0715_1",1,1,0,0,1,0,0,0,0,0,0,1,0,0,1,1,0,0,0,1,0,0,0,0,0,0,0,0,0,"pig"
"23BAC0716_1",1,0,1,1,0,1,1,1,1,1,0,1,0,0,1,1,0,0,0,0,0,0,0,0,0,0,0,0,0,"pig"
"23BAC0720_1",1,0,1,1,0,1,1,1,1,1,0,1,0,0,0,1,0,0,0,1,0,0,0,0,0,0,0,0,0,"pig"
"23BAC0722_2",0,0,1,0,0,1,1,1,1,1,0,0,0,0,1,1,0,0,0,1,0,0,0,0,0,0,0,0,0,"pig"
"23BAC0729_1",0,0,1,1,0,1,1,1,1,1,0,1,0,0,1,1,0,0,0,0,0,0,0,0,0,0,0,0,0,"pig"
"23BAC0729_2",1,0,1,1,0,1,1,1,1,1,0,1,0,0,1,1,0,0,0,1,0,0,0,0,0,0,0,0,0,"pig"
"23BAC0730_1",1,0,1,1,0,1,1,1,1,1,0,1,0,0,1,0,0,0,0,1,0,0,0,0,0,0,0,0,0,"pig"
"23BAC0732_1",0,0,1,1,0,1,1,1,1,1,0,0,0,0,0,0,0,0,0,0,0,0,0,0,0,0,0,0,0,"pig"
"23BAC0736_1",1,1,0,0,1,0,0,0,0,0,0,1,0,0,1,1,0,0,0,1,0,0,0,0,0,0,0,0,0,"pig"
"23BAC0742_1",1,1,0,0,1,0,0,0,0,0,0,0,0,0,1,0,0,0,0,1,0,0,0,0,0,0,0,0,0,"pig"
"23BAC0754_1",0,0,1,1,0,1,1,1,1,1,0,1,0,0,0,1,0,0,0,0,1,1,1,1,1,1,1,1,0,"cattle"
"23BAC0755_1",0,0,1,1,0,1,1,1,1,1,0,0,0,0,0,0,0,0,0,0,0,0,0,0,0,0,0,0,0,"cattle"
"23BAC0755_5",0,0,1,1,0,1,1,1,1,1,0,0,1,1,0,0,0,1,0,0,0,0,0,0,0,0,0,0,0,"cattle"
"23BAC0757_1",0,0,1,1,0,1,1,1,1,1,0,0,0,0,1,0,0,0,0,0,0,0,0,0,0,0,1,0,0,"cattle"
"23BAC0759_3",0,0,1,1,0,1,1,1,1,1,0,0,0,0,0,0,0,0,0,0,0,0,0,0,0,0,1,0,0,"cattle"
"23BAC0760_2",0,0,1,1,0,1,1,1,0,1,0,0,0,0,1,0,0,0,0,0,0,0,0,0,0,0,0,0,0,"cattle"
"23BAC0760_4",0,0,1,1,0,1,1,1,1,1,0,0,0,0,0,0,0,0,0,0,0,0,0,0,0,0,1,0,0,"cattle"
"23BAC0760_5",0,0,1,1,0,1,1,1,1,1,0,0,0,0,0,0,0,0,0,0,0,0,0,0,0,0,1,0,0,"cattle"
"23BAC0762_1",0,0,1,1,0,1,1,1,1,1,0,0,0,0,0,0,0,0,0,0,0,0,0,0,0,0,0,0,0,"cattle"
"23BAC0762_3",0,0,1,1,0,1,1,1,1,1,0,0,0,1,0,0,0,0,0,0,0,0,0,0,0,0,1,0,0,"cattle"
"23BAC0766_1",0,0,1,1,0,1,1,1,1,1,0,0,0,0,0,0,0,0,0,0,0,0,0,0,0,0,1,0,0,"cattle"
"23BAC0768_3",0,0,1,1,0,1,1,1,1,1,0,0,0,0,0,1,0,0,0,0,0,0,0,0,0,0,1,0,0,"cattle"
"23BAC0769_2",0,0,1,1,0,1,1,1,1,1,0,0,0,0,0,0,0,0,0,0,0,0,0,0,0,0,1,0,0,"cattle"
"23BAC0772_1",0,0,1,1,0,1,1,1,1,1,0,0,0,0,0,1,0,0,0,0,0,0,0,0,0,0,1,0,0,"cattle"
"23BAC0773_1",0,0,1,1,0,1,1,1,1,1,0,1,0,0,1,1,0,0,0,0,0,0,0,0,0,0,0,0,0,"cattle"
"23BAC0774_1",0,0,1,1,0,1,1,1,1,1,0,0,0,0,1,0,0,0,0,0,0,0,0,0,0,0,1,0,0,"cattle"
"23BAC0776_1",0,0,1,1,0,1,1,1,1,1,0,0,0,0,0,0,0,0,0,0,0,0,0,0,0,0,1,0,0,"cattle"
"23BAC0778_3",1,1,0,0,1,0,0,0,0,0,0,1,0,0,1,1,0,0,0,1,0,0,0,0,0,0,0,0,0,"pig"
"23BAC0779_2",1,1,0,0,1,0,0,0,0,0,0,1,0,0,1,1,0,0,0,1,0,0,0,0,0,0,0,0,0,"pig"
"23BAC0780_1",1,0,1,1,0,1,1,1,1,1,0,1,0,0,1,1,0,0,0,1,0,0,0,0,0,0,1,0,0,"pig"
"23BAC0783_1",1,0,1,0,0,1,1,1,1,1,0,1,0,0,1,1,0,0,0,0,0,0,0,0,0,0,1,0,0,"pig"
"24BAC0007_1",0,0,1,1,0,1,1,1,1,1,1,0,1,1,0,0,0,1,0,1,0,0,0,0,0,0,0,0,0,"poultry"
"24BAC0008_1",0,0,1,1,0,1,1,1,1,1,1,0,1,1,0,0,1,0,1,1,0,0,0,0,0,0,1,0,0,"poultry"
"24BAC0017_1",0,0,1,1,0,1,1,1,1,1,1,0,1,1,0,0,0,1,1,1,0,0,0,0,0,0,0,0,0,"poultry"
"24BAC0018_1_redeposit",0,0,1,1,0,1,1,1,1,1,0,0,0,0,0,0,0,0,0,0,0,0,0,0,0,0,0,0,0,"poultry"
"24BAC0020_1",0,0,1,1,0,1,1,1,1,1,0,0,0,0,0,0,0,0,0,1,0,0,0,0,0,0,0,0,0,"poultry"
"24BAC0024_2",0,0,1,1,0,1,1,1,1,1,0,0,0,0,0,0,0,0,0,1,0,0,0,0,0,0,0,0,0,"poultry"
"24BAC0043_1",0,0,1,1,0,1,1,1,1,1,0,0,0,0,0,0,0,0,0,1,0,0,0,0,0,0,0,0,0,"poultry"
"24BAC0047_1",0,0,1,1,0,1,1,1,1,1,1,0,1,1,0,0,1,1,1,1,0,0,0,0,0,0,0,0,0,"poultry"
"24BAC0051_1_redeposit",0,0,1,1,0,1,1,1,1,1,0,0,0,0,1,0,0,0,0,1,0,0,0,0,0,0,0,0,0,"poultry"
"24BAC0053_1",0,0,1,1,0,1,1,1,1,1,0,0,0,0,0,0,0,0,0,1,0,0,0,0,0,0,0,0,0,"poultry"
"24BAC0054_1",0,0,1,1,0,1,1,1,1,1,1,0,1,1,0,0,1,1,0,1,0,0,0,0,0,0,0,0,0,"poultry"
"24BAC0057_3",0,0,1,1,0,1,1,1,1,1,1,0,1,1,0,0,1,1,1,1,0,0,0,0,0,0,0,0,0,"poultry"
"24BAC0058_1",0,0,1,1,0,1,1,1,1,1,0,0,0,0,0,0,0,0,0,1,0,0,0,0,0,0,0,0,0,"poultry"
"24BAC0064_1_redeposit",0,0,1,1,0,1,1,1,1,1,1,0,1,1,0,0,1,1,0,1,0,0,0,0,0,0,0,0,0,"poultry"
"24BAC0073_2",0,0,1,1,0,1,1,1,1,1,1,0,1,1,0,0,1,1,1,1,0,0,0,0,0,0,0,0,0,"poultry"
"24BAC0075_1",0,0,1,1,0,1,1,1,1,1,0,0,0,0,0,0,0,0,0,1,0,0,0,0,0,0,0,0,0,"poultry"
"24BAC0084_2",0,0,1,1,0,1,1,1,1,1,1,0,1,1,0,0,1,1,1,1,0,0,0,0,0,0,0,0,0,"poultry"
"24BAC0084_4",0,0,1,1,0,1,1,1,1,1,1,0,1,1,0,0,1,0,1,1,0,0,0,0,0,0,0,0,0,"poultry"
"24BAC0086_1",0,0,1,1,0,1,1,1,1,1,1,0,1,1,0,0,1,1,0,1,0,0,0,0,0,0,0,0,0,"poultry"
"24BAC0086_3_redeposit2",0,0,1,1,0,1,1,1,1,1,0,0,0,0,0,0,0,0,0,0,0,0,0,0,0,0,1,0,0,"poultry"
"24BAC0086_4",0,0,1,1,0,1,1,1,1,1,1,0,1,1,0,0,1,1,1,1,0,0,0,0,0,0,0,0,0,"poultry"
"24BAC0090_1",0,0,1,1,0,1,1,1,1,1,1,0,1,1,0,0,1,1,1,1,0,0,0,0,0,0,0,0,0,"poultry"
"24BAC0093_4_redeposit",0,0,1,1,0,1,1,1,1,1,1,0,1,1,0,0,1,1,1,0,0,0,0,0,0,0,1,0,0,"poultry"
"24BAC0094_1",1,0,1,1,0,1,1,1,1,1,0,0,0,0,0,1,0,0,0,1,0,0,0,0,0,0,0,0,0,"poultry"
"24BAC0096_3",0,0,1,1,0,1,1,1,1,1,1,0,1,1,0,0,0,1,1,1,0,0,0,0,0,0,1,0,0,"poultry"
"24BAC0098_2",0,0,1,1,0,1,1,1,1,1,0,0,0,0,0,0,0,0,0,1,0,0,0,0,0,0,0,0,0,"poultry"
"24BAC0100_1",0,0,1,0,0,1,1,1,1,1,0,0,0,0,0,0,0,0,0,0,0,0,0,0,0,0,1,0,0,"poultry"
"24BAC0104_1",0,0,1,1,0,1,1,1,1,1,1,0,1,1,0,0,1,1,1,1,0,0,0,0,0,0,1,0,0,"poultry"
"24BAC0113_1",0,0,1,1,0,1,1,1,1,1,1,0,1,1,0,0,1,1,0,1,0,0,0,0,0,0,0,0,0,"poultry"
"24BAC0115_1",0,0,1,1,0,1,1,1,1,1,1,0,1,1,0,0,1,1,0,1,0,0,0,0,0,0,0,0,0,"poultry"
"24BAC0119_1",0,0,1,1,0,1,1,1,1,1,0,0,0,0,0,1,0,0,0,1,0,0,0,0,0,0,0,0,0,"poultry"
"24BAC0120_1",0,0,1,1,0,1,1,1,1,1,0,0,0,0,1,0,0,0,0,1,0,0,0,0,0,0,0,0,0,"poultry"
"24BAC0122_1_redeposit",0,0,1,1,0,1,1,1,1,1,0,0,0,0,0,0,0,0,0,1,0,0,0,0,0,0,0,0,0,"poultry"
"24BAC0124_1",0,0,1,1,0,1,1,1,1,1,1,0,1,1,0,0,0,0,1,1,0,0,0,0,0,0,0,0,0,"poultry"
"24BAC0125_1",0,0,1,1,0,1,1,1,1,1,0,0,0,0,0,1,0,0,0,1,0,0,0,0,0,0,0,0,0,"poultry"
"24BAC0129_1",0,0,1,1,0,1,0,1,1,1,0,0,0,0,0,0,0,0,0,1,0,0,0,0,0,0,0,0,0,"poultry"
"24BAC0129_2",0,0,1,1,0,1,0,1,1,1,0,0,0,0,0,0,0,0,0,1,0,0,0,0,0,0,0,0,0,"poultry"
