"Gene","Non-unique gene name","Annotation","Number_pos_present_in","Number_neg_present_in","Number_pos_not_present_in","Number_neg_not_present_in","Sensitivity","Specificity","Odds_ratio","Naive_p","Bonferroni_p","Benjamini_H_p"
"group_2648","","Penicillin acylase","54","2","22","132","71.0526315789","98.5074626866","162.0","1.35235623043e-29","8.05463370842e-26","8.05463370842e-26"
"group_6429-group_5031","","Merged genes","32","0","44","134","42.1052631579","100.0","inf","4.17916235062e-17","2.48910909603e-13","4.14851516005e-14"
"group_1053-group_2294-yidA_1","","Merged genes","44","134","32","0","57.8947368421","0.0","0.0","4.17916235062e-17","2.48910909603e-13","4.14851516005e-14"
"treA-treB-treR-group_1470","","Merged genes","37","130","39","4","48.6842105263","2.98507462687","0.029191321499","7.61609279233e-17","4.53614486711e-13","4.53614486711e-14"
"group_6074-group_13258-group_5958","","Merged genes","31","0","45","134","40.7894736842","100.0","inf","1.6623779128e-16","9.90112284865e-13","7.61624834511e-14"
"nanM-group_4407","","Merged genes","46","134","30","0","60.5263157895","0.0","0.0","6.50495705009e-16","3.87435241904e-12","2.58290161269e-13"
"lhgD_1","","L-2-hydroxyglutarate dehydrogenase","42","132","34","2","55.2631578947","1.49253731343","0.0187165775401","9.31527806687e-16","5.54817961663e-12","3.46761226039e-13"
"csh","","Carbon disulfide hydrolase","44","133","32","1","57.8947368421","0.746268656716","0.0103383458647","1.04854713808e-15","6.24514675442e-12","3.46952597468e-13"
"yxdL","","ABC transporter ATP-binding protein YxdL","44","133","32","1","57.8947368421","0.746268656716","0.0103383458647","1.04854713808e-15","6.24514675442e-12","3.46952597468e-13"
"group_4523","","hypothetical protein","47","134","29","0","61.8421052632","0.0","0.0","2.50510048099e-15","1.49203784648e-11","7.4601892324e-13"
"group_6004","","hypothetical protein","29","0","47","134","38.1578947368","100.0","inf","2.50510048099e-15","1.49203784648e-11","7.4601892324e-13"
"group_4004","","hypothetical protein","40","130","36","4","52.6315789474","2.98507462687","0.034188034188","4.61437519427e-15","2.74832186571e-11","1.30872469796e-12"
"group_4507","","hypothetical protein","42","131","34","3","55.2631578947","2.23880597015","0.0282891782667","8.79737895609e-15","5.23971890624e-11","2.0958875625e-12"
"kdpB-kdpE-group_4478","","Merged genes","42","131","34","3","55.2631578947","2.23880597015","0.0282891782667","8.79737895609e-15","5.23971890624e-11","2.0958875625e-12"
"mhqR","","HTH-type transcriptional regulator MhqR","48","134","28","0","63.1578947368","0.0","0.0","9.49850599043e-15","5.6573101679e-11","2.17588852612e-12"
"graR_1","","Response regulator protein GraR","44","132","32","2","57.8947368421","1.49253731343","0.0208333333333","1.35306091535e-14","8.05883081185e-11","2.98475215254e-12"
"group_1647","","hypothetical protein","43","131","33","3","56.5789473684","2.23880597015","0.029840388619","3.27607859461e-14","1.95123241095e-10","5.71035720202e-12"
"group_4511","","hypothetical protein","43","131","33","3","56.5789473684","2.23880597015","0.029840388619","3.27607859461e-14","1.95123241095e-10","5.71035720202e-12"
"thiT","","Thiamine transporter ThiT","43","131","33","3","56.5789473684","2.23880597015","0.029840388619","3.27607859461e-14","1.95123241095e-10","5.71035720202e-12"
"group_5275","","hypothetical protein","49","134","27","0","64.4736842105","0.0","0.0","3.54740121684e-14","2.11283216475e-10","5.71035720202e-12"
"group_4410-cdr-group_4408-cmpR","","Merged genes","49","134","27","0","64.4736842105","0.0","0.0","3.54740121684e-14","2.11283216475e-10","5.71035720202e-12"
"group_10958","","hypothetical protein","27","0","49","134","35.5263157895","100.0","inf","3.54740121684e-14","2.11283216475e-10","5.71035720202e-12"
"group_4264","","hypothetical protein","27","0","49","134","35.5263157895","100.0","inf","3.54740121684e-14","2.11283216475e-10","5.71035720202e-12"
"nrdD_1-group_3958","","Merged genes","45","132","31","2","59.2105263158","1.49253731343","0.0219941348974","5.01446577322e-14","2.98661581453e-10","7.65798926803e-12"
"group_5013","","hypothetical protein","29","1","47","133","38.1578947368","99.2537313433","82.0638297872","5.62886389845e-14","3.35255133792e-10","8.3813783448e-12"
"group_6292-group_4479-arlR_2-group_8600","","Merged genes","42","130","34","4","55.2631578947","2.98507462687","0.0380090497738","6.38924375126e-14","3.80543357825e-10","8.64871267785e-12"
"pnuC","","Nicotinamide riboside transporter PnuC","37","126","39","8","48.6842105263","5.97014925373","0.0602360602361","7.27426214871e-14","4.33255053577e-10","9.62789007949e-12"
"group_982","","hypothetical protein","33","122","43","12","43.4210526316","8.9552238806","0.0754860846359","9.38005579218e-14","5.58676122982e-10","1.21451331083e-11"
"group_1608","","hypothetical protein","44","131","32","3","57.8947368421","2.23880597015","0.0314885496183","1.19628136285e-13","7.12505179713e-10","1.49523507044e-11"
"ygjI","","Inner membrane transporter YgjI","50","134","26","0","65.7894736842","0.0","0.0","1.3054436478e-13","7.77522236627e-10","1.49523507044e-11"
"group_1398","","hypothetical protein","26","0","50","134","34.2105263158","100.0","inf","1.3054436478e-13","7.77522236627e-10","1.49523507044e-11"
"group_9210-group_9281-group_11277","","Merged genes","26","0","50","134","34.2105263158","100.0","inf","1.3054436478e-13","7.77522236627e-10","1.49523507044e-11"
"group_3143","","IS200/IS605 family transposase ISCpe4","30","2","46","132","39.4736842105","98.5074626866","43.0434782609","1.82490694986e-13","1.08691457934e-09","2.05078222516e-11"
"yjjP_3","","Inner membrane protein YjjP","53","25","23","109","69.7368421053","81.3432835821","10.0469565217","2.12528032376e-13","1.26581696083e-09","2.34410548302e-11"
"group_7911","","hypothetical protein","42","129","34","5","55.2631578947","3.73134328358","0.0478796169631","3.80368704105e-13","2.26547600165e-09","4.04549286009e-11"
"group_6325","","hypothetical protein","34","5","42","129","44.7368421053","96.2686567164","20.8857142857","3.80368704105e-13","2.26547600165e-09","4.04549286009e-11"
"group_2545","","hypothetical protein","45","131","31","3","59.2105263158","2.23880597015","0.0332430435853","4.28489826379e-13","2.55208540591e-09","4.47686317386e-11"
"group_7908","","hypothetical protein","25","0","51","134","32.8947368421","100.0","inf","4.73543284004e-13","2.82042379953e-09","4.47686317386e-11"
"group_462","yiaC","Peptidyl-lysine N-acetyltransferase YiaC","25","0","51","134","32.8947368421","100.0","inf","4.73543284004e-13","2.82042379953e-09","4.47686317386e-11"
"group_12426","lexA_3","LexA repressor","25","0","51","134","32.8947368421","100.0","inf","4.73543284004e-13","2.82042379953e-09","4.47686317386e-11"
"group_2119","","hypothetical protein","51","134","25","0","67.1052631579","0.0","0.0","4.73543284004e-13","2.82042379953e-09","4.47686317386e-11"
"group_5159-group_3440","","Merged genes","25","0","51","134","32.8947368421","100.0","inf","4.73543284004e-13","2.82042379953e-09","4.47686317386e-11"
"group_2501","","hypothetical protein","29","2","47","132","38.1578947368","98.5074626866","40.7234042553","6.52389524065e-13","3.88563200533e-09","5.8873212202e-11"
"group_1831","","hypothetical protein","47","132","29","2","61.8421052632","1.49253731343","0.0245559038662","6.52389524065e-13","3.88563200533e-09","5.8873212202e-11"
"group_326","","hypothetical protein","47","132","29","2","61.8421052632","1.49253731343","0.0245559038662","6.52389524065e-13","3.88563200533e-09","5.8873212202e-11"
"asrA_2-macB_1-asrB_2-macB_2-yknX","","Merged genes","49","133","27","1","64.4736842105","0.746268656716","0.0136452241715","7.36812678972e-13","4.38845631596e-09","5.98314345844e-11"
"apbE_1-group_4466-group_4467","","Merged genes","40","127","36","7","52.6315789474","5.22388059701","0.0612423447069","7.4337242432e-13","4.42752615925e-09","5.98314345844e-11"
"group_2561","","hypothetical protein","44","130","32","4","57.8947368421","2.98507462687","0.0423076923077","8.14566938996e-13","4.85156068866e-09","6.38363248508e-11"
"gadC_2","","Glutamate/gamma-aminobutyrate antiporter","44","130","32","4","57.8947368421","2.98507462687","0.0423076923077","8.14566938996e-13","4.85156068866e-09","6.38363248508e-11"
"punA_1","","Purine nucleoside phosphorylase 1","39","126","37","8","51.3157894737","5.97014925373","0.0669240669241","9.16526742141e-13","5.45883327619e-09","7.08939386519e-11"
"group_2971","","hypothetical protein","37","124","39","10","48.6842105263","7.46268656716","0.0765095119934","1.15279776347e-12","6.8660634792e-09","8.80264548615e-11"
"group_1035","","hypothetical protein","24","0","52","134","31.5789473684","100.0","inf","1.69382790048e-12","1.00884389752e-08","1.2770175918e-10"
"group_640","","hypothetical protein","28","2","48","132","36.8421052632","98.5074626866","38.5","2.29166695804e-12","1.36491684021e-08","1.70614605026e-10"
"group_12351","","hypothetical protein","38","124","38","10","50.0","7.46268656716","0.0806451612903","3.92790836449e-12","2.33946222189e-08","2.88822496529e-10"
"group_6435","","hypothetical protein","32","5","44","129","42.1052631579","96.2686567164","18.7636363636","4.55285842944e-12","2.71168248057e-08","3.22819342926e-10"
"yqjA","","Inner membrane protein YqjA","44","129","32","5","57.8947368421","3.73134328358","0.0532945736434","4.55285842944e-12","2.71168248057e-08","3.22819342926e-10"
"group_4936","gadC_2","Glutamate/gamma-aminobutyrate antiporter","32","5","44","129","42.1052631579","96.2686567164","18.7636363636","4.55285842944e-12","2.71168248057e-08","3.22819342926e-10"
"group_3598","","hypothetical protein","54","30","22","104","71.0526315789","77.6119402985","8.50909090909","5.03223971442e-12","2.99720197391e-08","3.5261199693e-10"
"group_7016","","hypothetical protein","23","0","53","134","30.2631578947","100.0","inf","5.97633617715e-12","3.55950582711e-08","4.06755614556e-10"
"group_12888","","hypothetical protein","23","0","53","134","30.2631578947","100.0","inf","5.97633617715e-12","3.55950582711e-08","4.06755614556e-10"
"group_3042","","hypothetical protein","24","107","52","27","31.5789473684","20.1492537313","0.116462976276","6.00982103441e-12","3.57944940809e-08","4.06755614556e-10"
"asrC_2","","Anaerobic sulfite reductase subunit C","49","132","27","2","64.4736842105","1.49253731343","0.0274971941639","7.91204673166e-12","4.71241503337e-08","5.29484835211e-10"
"tenA","","Aminopyrimidine aminohydrolase","42","127","34","7","55.2631578947","5.22388059701","0.0680870773506","8.60905490776e-12","5.12755310306e-08","5.69728122563e-10"
"group_373","","hypothetical protein","39","124","37","10","51.3157894737","7.46268656716","0.0850043591979","1.30537528409e-11","7.77481519206e-08","8.45088607832e-10"
"group_1330","","hypothetical protein","39","124","37","10","51.3157894737","7.46268656716","0.0850043591979","1.30537528409e-11","7.77481519206e-08","8.45088607832e-10"
"group_4579-group_6436","","Merged genes","31","5","45","129","40.7894736842","96.2686567164","17.7733333333","1.52692940354e-11","9.09439152747e-08","9.67488460369e-10"
"group_1963","","hypothetical protein","48","131","28","3","63.1578947368","2.23880597015","0.0392584514722","1.75915896751e-11","1.04775508105e-07","1.10290008532e-09"
"group_1438","","hypothetical protein","38","123","38","11","50.0","8.20895522388","0.0894308943089","1.85891326871e-11","1.10716874285e-07","1.1533007738e-09"
"group_1410","rhaS_2","HTH-type transcriptional activator RhaS","22","0","54","134","28.9473684211","100.0","inf","2.08065037279e-11","1.23923536203e-07","1.2775622289e-09"
"group_21","","IS200/IS605 family transposase ISCpe4","26","2","50","132","34.2105263158","98.5074626866","34.32","2.68546646307e-11","1.59946382541e-07","1.62588176642e-09"
"group_10057-group_13110","","Merged genes","10","79","66","55","13.1578947368","41.0447761194","0.105485232068","2.72982163602e-11","1.62588176642e-07","1.62588176642e-09"
"group_22","","IS200/IS605 family transposase ISCpe4","33","7","43","127","43.4210526316","94.776119403","13.9235880399","2.83290302775e-11","1.68727704333e-07","1.65419317973e-09"
"group_766","","hypothetical protein","43","127","33","7","56.5789473684","5.22388059701","0.0718205678836","2.83290302775e-11","1.68727704333e-07","1.65419317973e-09"
"group_1201","","hypothetical protein","47","130","29","4","61.8421052632","2.98507462687","0.0498673740053","3.19384999531e-11","1.9022570572e-07","1.84685151185e-09"
"group_1437","","hypothetical protein","34","8","42","126","44.7368421053","94.0298507463","12.75","3.43237861036e-11","2.04432470033e-07","1.96569682724e-09"
"group_136","","hypothetical protein","30","5","46","129","39.4736842105","96.2686567164","16.8260869565","5.01753650852e-11","2.98844474447e-07","2.84613785188e-09"
"group_133","","hypothetical protein","45","128","31","6","59.2105263158","4.4776119403","0.0680443548387","7.06375446661e-11","4.20717216031e-07","3.76855162388e-09"
"group_3801","rlmI","Ribosomal RNA large subunit methyltransferase I","31","6","45","128","40.7894736842","95.5223880597","14.6962962963","7.06375446661e-11","4.20717216031e-07","3.76855162388e-09"
"rlmI","","Ribosomal RNA large subunit methyltransferase I","45","128","31","6","59.2105263158","4.4776119403","0.0680443548387","7.06375446661e-11","4.20717216031e-07","3.76855162388e-09"
"group_4542-group_31","","Merged genes","21","0","55","134","27.6315789474","100.0","inf","7.14987128103e-11","4.25846333498e-07","3.76855162388e-09"
"group_2054","","hypothetical protein","21","0","55","134","27.6315789474","100.0","inf","7.14987128103e-11","4.25846333498e-07","3.76855162388e-09"
"group_1788","","hypothetical protein","21","0","55","134","27.6315789474","100.0","inf","7.14987128103e-11","4.25846333498e-07","3.76855162388e-09"
"group_3481","","hypothetical protein","55","134","21","0","72.3684210526","0.0","0.0","7.14987128103e-11","4.25846333498e-07","3.76855162388e-09"
"group_5270-group_5271-group_3974-group_3973","","Merged genes","48","130","28","4","63.1578947368","2.98507462687","0.0527472527473","1.04369503298e-10","6.21624761643e-07","5.22896892501e-09"
"graS_1","","Sensor histidine kinase GraS","53","133","23","1","69.7368421053","0.746268656716","0.0173259235044","1.04474026541e-10","6.22247302076e-07","5.22896892501e-09"
"group_1399","","hypothetical protein","53","133","23","1","69.7368421053","0.746268656716","0.0173259235044","1.04474026541e-10","6.22247302076e-07","5.22896892501e-09"
"rcsC_3","","Sensor histidine kinase RcsC","43","126","33","8","56.5789473684","5.97014925373","0.0827320827321","1.09673928678e-10","6.53217919204e-07","5.44348266003e-09"
"kdpC","","Potassium-transporting ATPase KdpC subunit","36","119","40","15","47.3684210526","11.1940298507","0.113445378151","1.14790668201e-10","6.83693219803e-07","5.65035718845e-09"
"group_2679","","hypothetical protein","42","125","34","9","55.2631578947","6.71641791045","0.0889411764706","1.24325345289e-10","7.40481756542e-07","6.06952259461e-09"
"kdpA","","Potassium-transporting ATPase potassium-binding subunit","35","118","41","16","46.0526315789","11.9402985075","0.115750310045","1.35694453527e-10","8.08196165208e-07","6.57070053015e-09"
"kdpD","","Sensor protein KdpD","37","120","39","14","48.6842105263","10.447761194","0.110683760684","1.40669319691e-10","8.37826468079e-07","6.75666506515e-09"
"group_3518","","hypothetical protein","47","129","29","5","61.8421052632","3.73134328358","0.0628174284951","1.61577719499e-10","9.62356897338e-07","7.63775315348e-09"
"group_1178","yvdP","putative FAD-linked oxidoreductase YvdP","29","5","47","129","38.1578947368","96.2686567164","15.9191489362","1.61577719499e-10","9.62356897338e-07","7.63775315348e-09"
"group_4121","","hypothetical protein","26","3","50","131","34.2105263158","97.7611940299","22.7066666667","1.91024019756e-10","1.13773906167e-06","8.88858641928e-09"
"group_23","","IS200/IS605 family transposase ISCpe4","26","3","50","131","34.2105263158","97.7611940299","22.7066666667","1.91024019756e-10","1.13773906167e-06","8.88858641928e-09"
"group_344","","hypothetical protein","38","13","38","121","50.0","90.2985074627","9.30769230769","1.97434677731e-10","1.17592094057e-06","9.11566620593e-09"
"group_3893","","IS256 family transposase ISCpe3","20","0","56","134","26.3157894737","100.0","inf","2.42584918464e-10","1.44483577437e-06","1.11141213413e-08"
"group_3097-group_2838-melC-group_1951-treP_2","","Merged genes","45","127","31","7","59.2105263158","5.22388059701","0.0800101600203","2.8717266852e-10","1.7104004137e-06","1.26696326941e-08"
"group_580","","hypothetical protein","7","68","69","66","9.21052631579","49.2537313433","0.0984654731458","3.01393850277e-10","1.79510177225e-06","1.31992777371e-08"
"walR_2","","Transcriptional regulatory protein WalR","54","133","22","1","71.0526315789","0.746268656716","0.0184552289815","3.47070189843e-10","2.06715005071e-06","1.50886865015e-08"
"group_1949","","hypothetical protein","41","123","35","11","53.9473684211","8.20895522388","0.104761904762","4.58948620341e-10","2.73349798275e-06","1.96654531133e-08"
"group_4005","xerC_2","hypothetical protein","35","11","41","123","46.0526315789","91.7910447761","9.54545454545","4.58948620341e-10","2.73349798275e-06","1.96654531133e-08"
"nanA_1","","Sialidase A","29","109","47","25","38.1578947368","18.6567164179","0.141518641421","4.80709224637e-10","2.86310414194e-06","2.0450743871e-08"
"group_2680","","hypothetical protein","34","10","42","124","44.7368421053","92.5373134328","10.0380952381","5.28130290716e-10","3.14554401151e-06","2.23088227766e-08"
"group_2410","","hypothetical protein","51","131","25","3","67.1052631579","2.23880597015","0.0467175572519","6.12713931941e-10","3.64932417864e-06","2.56994660468e-08"
"sgcG","","2-amino-4-deoxychorismate dehydrogenase","57","134","19","0","75.0","0.0","0.0","8.12872270641e-10","4.84146724394e-06","3.31607345475e-08"
"group_10299-group_5157-group_11146","","Merged genes","19","0","57","134","25.0","100.0","inf","8.12872270641e-10","4.84146724394e-06","3.31607345475e-08"
"group_5978","","hypothetical protein","23","2","53","132","30.2631578947","98.5074626866","28.641509434","9.49647756757e-10","5.65610203924e-06","3.82169056706e-08"
"group_10890","","hypothetical protein","23","2","53","132","30.2631578947","98.5074626866","28.641509434","9.49647756757e-10","5.65610203924e-06","3.82169056706e-08"
"melD_2","","Melibiose/raffinose/stachyose import permease protein MelD","45","126","31","8","59.2105263158","5.97014925373","0.0921658986175","1.04661925843e-09","6.23366430322e-06","4.15577620215e-08"
"group_767","","hypothetical protein","31","8","45","126","40.7894736842","94.0298507463","10.85","1.04661925843e-09","6.23366430322e-06","4.15577620215e-08"
"group_5272-group_11430","","Merged genes","53","35","23","99","69.7368421053","73.8805970149","6.51801242236","1.09657706674e-09","6.53121300948e-06","4.29685066413e-08"
"group_183","","IS200/IS605 family transposase ISBth15","21","1","55","133","27.6315789474","99.2537313433","50.7818181818","1.13603510354e-09","6.76622507669e-06","4.42236933117e-08"
"bioB_1","","Biotin synthase","39","120","37","14","51.3157894737","10.447761194","0.122972972973","1.18871088213e-09","7.07996201395e-06","4.59737793114e-08"
"group_284","","hypothetical protein","36","117","40","17","47.3684210526","12.6865671642","0.130769230769","1.46095971239e-09","8.70147604702e-06","5.6138555142e-08"
"group_3788","adhB","Alcohol dehydrogenase 2","27","5","49","129","35.5263157895","96.2686567164","14.2163265306","1.57782305706e-09","9.39751412784e-06","6.02404751785e-08"
"nhaP","","K(+)/H(+) antiporter NhaP","15","84","61","50","19.7368421053","37.3134328358","0.146370023419","1.80872961665e-09","1.07727935968e-05","6.86165197247e-08"
"splB","","Spore photoproduct lyase","44","125","32","9","57.8947368421","6.71641791045","0.099","1.86587513612e-09","1.11131523107e-05","7.03364070298e-08"
"group_10939","","hypothetical protein","28","6","48","128","36.8421052632","95.5223880597","12.4444444444","2.13587500051e-09","1.2721271503e-05","8.00079968743e-08"
"group_7037-group_7038-group_5642-group_9102-group_4096-group_10203-lapB","","Merged genes","18","0","58","134","23.6842105263","100.0","inf","2.6908875166e-09","1.60269260489e-05","9.65477472825e-08"
"group_2411","","hypothetical protein","25","4","51","130","32.8947368421","97.0149253731","15.931372549","3.2482758831e-09","1.93467311597e-05","1.15848689579e-07"
"group_1468","","hypothetical protein","32","10","44","124","42.1052631579","92.5373134328","9.01818181818","4.06499316769e-09","2.42110993068e-05","1.4411368635e-07"
"group_6518","","hypothetical protein","6","61","70","73","7.89473684211","54.4776119403","0.102576112412","4.65442795098e-09","2.7721772876e-05","1.6403415903e-07"
"group_6447","","hypothetical protein","17","0","59","134","22.3684210526","100.0","inf","8.80239475771e-09","5.24270631769e-05","3.04808506842e-07"
"group_10976","","hypothetical protein","17","0","59","134","22.3684210526","100.0","inf","8.80239475771e-09","5.24270631769e-05","3.04808506842e-07"
"group_3623","","hypothetical protein","17","0","59","134","22.3684210526","100.0","inf","8.80239475771e-09","5.24270631769e-05","3.04808506842e-07"
"rssB","","Regulator of RpoS","42","121","34","13","55.2631578947","9.70149253731","0.13271754983","1.0812927319e-08","6.44017951117e-05","3.72264711628e-07"
"group_12363","","hypothetical protein","45","124","31","10","59.2105263158","7.46268656716","0.117065556712","1.1298596688e-08","6.72944418735e-05","3.84539667849e-07"
"group_5327","","hypothetical protein","31","10","45","124","40.7894736842","92.5373134328","8.54222222222","1.1298596688e-08","6.72944418735e-05","3.84539667849e-07"
"group_10948-yodC-group_6125","","Merged genes","19","1","57","133","25.0","99.2537313433","44.3333333333","1.1648331962e-08","6.93774651657e-05","3.87583604278e-07"
"group_486","","IS1182 family transposase ISCpe5","19","1","57","133","25.0","99.2537313433","44.3333333333","1.1648331962e-08","6.93774651657e-05","3.87583604278e-07"
"mtnN_1","","5'-methylthioadenosine/S-adenosylhomocysteine nucleosidase","36","114","40","20","47.3684210526","14.9253731343","0.157894736842","1.21128412425e-08","7.21440824402e-05","4.00800458001e-07"
"group_1105","","hypothetical protein","46","125","30","9","60.5263157895","6.71641791045","0.1104","1.23234321084e-08","7.33983616374e-05","4.05515810152e-07"
"fbpC-idiA-group_11746","","Merged genes","43","122","33","12","56.5789473684","8.9552238806","0.128166915052","1.29771468207e-08","7.7291886464e-05","4.20064600348e-07"
"group_3126","","hypothetical protein","51","129","25","5","67.1052631579","3.73134328358","0.0790697674419","1.42273571603e-08","8.47381392467e-05","4.58043995928e-07"
"group_646","","hypothetical protein","33","110","43","24","43.4210526316","17.9104477612","0.167441860465","1.4310140456e-08","8.52311965561e-05","4.58232239549e-07"
"group_229","","hypothetical protein","37","115","39","19","48.6842105263","14.1791044776","0.156744704571","1.77591179057e-08","0.000105773306247","5.65632653725e-07"
"group_5585-group_6912","","Merged genes","16","0","60","134","21.0526315789","100.0","inf","2.84610763832e-08","0.000169514170939","8.92179847045e-07"
"group_13388","","hypothetical protein","16","0","60","134","21.0526315789","100.0","inf","2.84610763832e-08","0.000169514170939","8.92179847045e-07"
"group_2138","","hypothetical protein","4","51","72","83","5.26315789474","61.9402985075","0.0904139433551","3.27262866599e-08","0.000194917763346","1.02051184998e-06"
"group_5973","","hypothetical protein","18","1","58","133","23.6842105263","99.2537313433","41.275862069","3.64951619439e-08","0.000217365184538","1.13211033614e-06"
"group_4555","","hypothetical protein","52","129","24","5","68.4210526316","3.73134328358","0.0839793281654","4.14639241748e-08","0.000246959132385","1.27958099682e-06"
"rhaS_2","","HTH-type transcriptional activator RhaS","38","115","38","19","50.0","14.1791044776","0.165217391304","4.37852764309e-08","0.000260785106422","1.34425312589e-06"
"group_5214-group_13585-agaC-manZ_1","","Merged genes","55","131","21","3","72.3684210526","2.23880597015","0.0599781897492","5.42519376757e-08","0.000323124540797","1.62374141104e-06"
"group_336","aes_1","Acetyl esterase","55","131","21","3","72.3684210526","2.23880597015","0.0599781897492","5.42519376757e-08","0.000323124540797","1.62374141104e-06"
"group_5535","","hypothetical protein","5","53","71","81","6.57894736842","60.447761194","0.107626893436","6.1034551073e-08","0.000363521786191","1.81760893095e-06"
"group_84","","hypothetical protein","20","87","56","47","26.3157894737","35.0746268657","0.192939244663","7.6177282021e-08","0.000453711891717","2.25727309312e-06"
"group_2714","","hypothetical protein","64","63","12","71","84.2105263158","52.9850746269","6.01058201058","7.70539793488e-08","0.000458933501001","2.27194802476e-06"
"group_230","","hypothetical protein","33","14","43","120","43.4210526316","89.552238806","6.5780730897","8.50692772241e-08","0.000506672615147","2.48573193962e-06"
"group_1376","gspF","Putative type II secretion system protein F","22","4","54","130","28.9473684211","97.0149253731","13.2407407407","8.52174449521e-08","0.000507555102135","2.48573193962e-06"
"group_847","","hypothetical protein","19","2","57","132","25.0","98.5074626866","22.0","8.74965498016e-08","0.000521129450618","2.48573193962e-06"
"bioD1","","ATP-dependent dethiobiotin synthetase BioD 1","45","122","31","12","59.2105263158","8.9552238806","0.142781597039","8.77386799277e-08","0.000522571577649","2.48573193962e-06"
"group_323","","hypothetical protein","28","100","48","34","36.8421052632","25.3731343284","0.198333333333","9.05871793822e-08","0.0005395372404","2.48573193962e-06"
"group_4733","","ISNCY family transposase ISAcar1","15","0","61","134","19.7368421053","100.0","inf","9.09821294218e-08","0.000541889562837","2.48573193962e-06"
"group_9807-group_3619","","Merged genes","15","0","61","134","19.7368421053","100.0","inf","9.09821294218e-08","0.000541889562837","2.48573193962e-06"
"group_192","","IS200/IS605 family transposase ISBth15","15","0","61","134","19.7368421053","100.0","inf","9.09821294218e-08","0.000541889562837","2.48573193962e-06"
"group_10045-group_7903-group_8162-group_7665-group_11660","","Merged genes","15","0","61","134","19.7368421053","100.0","inf","9.09821294218e-08","0.000541889562837","2.48573193962e-06"
"group_4165","","hypothetical protein","15","0","61","134","19.7368421053","100.0","inf","9.09821294218e-08","0.000541889562837","2.48573193962e-06"
"group_2972","","hypothetical protein","15","0","61","134","19.7368421053","100.0","inf","9.09821294218e-08","0.000541889562837","2.48573193962e-06"
"group_444","","hypothetical protein","2","42","74","92","2.63157894737","68.6567164179","0.0592020592021","1.072581293e-07","0.000638829418108","2.84862048805e-06"
"ulaE-ulaF-group_12109-ulaB_1-ulaC_1-ulaA_1-srlR-ulaG","","Merged genes","39","115","37","19","51.3157894737","14.1791044776","0.174148061105","1.08568980992e-07","0.000646636850788","2.84862048805e-06"
"group_5455","","hypothetical protein","5","52","71","82","6.57894736842","61.1940298507","0.11105092091","1.17570071963e-07","0.000700247348614","3.07126030094e-06"
"cwlO_2","","hypothetical protein","10","65","66","69","13.1578947368","51.4925373134","0.160839160839","1.2078376229e-07","0.000719388088201","3.13231590495e-06"
"group_1467","","hypothetical protein","44","121","32","13","57.8947368421","9.70149253731","0.147727272727","1.20959143408e-07","0.000720432658138","3.13231590495e-06"
"group_2112","","hypothetical protein","38","114","38","20","50.0","14.9253731343","0.175438596491","1.25691552504e-07","0.000748618886714","3.24077440136e-06"
"group_3140","","hypothetical protein","14","74","62","60","18.4210526316","44.776119403","0.183086312119","1.29075990342e-07","0.000768776598474","3.3136922348e-06"
"group_6289-ytrE-ytrF","","Merged genes","16","78","60","56","21.0526315789","41.7910447761","0.191452991453","1.51675551903e-07","0.000903379587135","3.84416845589e-06"
"group_693","","hypothetical protein","40","116","36","18","52.6315789474","13.4328358209","0.172413793103","1.56271427522e-07","0.000930752622324","3.92722625453e-06"
"group_1959","","hypothetical protein","40","116","36","18","52.6315789474","13.4328358209","0.172413793103","1.56271427522e-07","0.000930752622324","3.92722625453e-06"
"group_1152","","hypothetical protein","56","131","20","3","73.6842105263","2.23880597015","0.0641221374046","1.59126259072e-07","0.00094775599903","3.96550627209e-06"
"group_2963","","hypothetical protein","56","131","20","3","73.6842105263","2.23880597015","0.0641221374046","1.59126259072e-07","0.00094775599903","3.96550627209e-06"
"group_11138","","hypothetical protein","42","118","34","16","55.2631578947","11.9402985075","0.167497507478","1.86233896607e-07","0.00110920908819","4.62170453414e-06"
"group_199","","IS200/IS605 family transposase ISBth15","30","12","46","122","39.4736842105","91.0447761194","6.63043478261","2.26157340984e-07","0.0013469931229","5.52918068444e-06"
"group_3533","","hypothetical protein","30","12","46","122","39.4736842105","91.0447761194","6.63043478261","2.26157340984e-07","0.0013469931229","5.52918068444e-06"
"group_3964","","hypothetical protein","30","12","46","122","39.4736842105","91.0447761194","6.63043478261","2.26157340984e-07","0.0013469931229","5.52918068444e-06"
"group_11951","","hypothetical protein","27","9","49","125","35.5263157895","93.2835820896","7.65306122449","2.26514453829e-07","0.001349120087","5.52918068444e-06"
"gspF","","Putative type II secretion system protein F","55","130","21","4","72.3684210526","2.98507462687","0.0805860805861","2.43702324713e-07","0.00145149104599","5.92445324895e-06"
"group_147","","hypothetical protein","25","94","51","40","32.8947368421","29.8507462687","0.208594075928","2.67030365843e-07","0.00159043285896","6.46517422343e-06"
"group_2289","","hypothetical protein","43","119","33","15","56.5789473684","11.1940298507","0.164247517189","2.78465781872e-07","0.00165854219683","6.71474573616e-06"
"group_6631","","hypothetical protein","14","0","62","134","18.4210526316","100.0","inf","2.87620925269e-07","0.0017130702309","6.85228092361e-06"
"group_12570","","hypothetical protein","14","0","62","134","18.4210526316","100.0","inf","2.87620925269e-07","0.0017130702309","6.85228092361e-06"
"group_5635","","hypothetical protein","14","0","62","134","18.4210526316","100.0","inf","2.87620925269e-07","0.0017130702309","6.85228092361e-06"
"group_222","","hypothetical protein","51","127","25","7","67.1052631579","5.22388059701","0.112440944882","3.0028933681e-07","0.00178852329004","7.09731464301e-06"
"adhB","","Alcohol dehydrogenase 2","51","127","25","7","67.1052631579","5.22388059701","0.112440944882","3.0028933681e-07","0.00178852329004","7.09731464301e-06"
"group_4473","","putative ABC transporter ATP-binding protein","30","101","46","33","39.4736842105","24.6268656716","0.213086526044","3.5399187759e-07","0.00210837562293","8.33350048588e-06"
"group_2857","","hypothetical protein","53","128","23","6","69.7368421053","4.4776119403","0.108016304348","4.13525707544e-07","0.00246295911413","9.69668942571e-06"
